movie_id,movie_key,movie_folder,primary_video_path,primary_video_original_name,primary_video_canonical_name,primary_video_confidence,video_candidate_count,auxiliary_video_count,multiple_full_movie_candidates,external_subtitle_count,english_external_subtitle_count,embedded_subtitle_count,has_english_subtitle,image_asset_count,release_metadata_count,archive_count,unknown_file_count,rename_required,rename_status,cleanup_candidate_count,cleanup_status,manual_review_required,manual_review_reasons
tt10095582,tt10095582_TheTragedyofMacbeth,tt10095582_TheTragedyofMacbeth,tt10095582_TheTragedyofMacbeth/[麦克白的悲剧].The.Tragedy.of.Macbeth.2021.2160p.ATVP.WEB-DL.H265.10bit.DDP5.1.Atmos-UBWEB.mkv,[麦克白的悲剧].The.Tragedy.of.Macbeth.2021.2160p.ATVP.WEB-DL.H265.10bit.DDP5.1.Atmos-UBWEB.mkv,tt10095582_TheTragedyofMacbeth.mkv,high,1,0,False,0,0,41,True,0,0,0,0,True,PLANNED,0,NONE,False,
tt10272386,tt10272386_TheFather,tt10272386_TheFather,tt10272386_TheFather/困在时JLD父亲.mp4,困在时JLD父亲.mp4,tt10272386_TheFather.mp4,high,1,0,False,0,0,0,False,0,0,0,0,True,PLANNED,0,NONE,False,
tt10293406,tt10293406_ThePowerOfTheDog,tt10293406_ThePowerOfTheDog,tt10293406_ThePowerOfTheDog/The.Power.of.the.Dog.2021.2160p.NF.WEB-DL.DDP5.1.Atmos.HDR.H.265-PLEW.mkv,The.Power.of.the.Dog.2021.2160p.NF.WEB-DL.DDP5.1.Atmos.HDR.H.265-PLEW.mkv,tt10293406_ThePowerOfTheDog.mkv,high,1,0,False,1,0,32,True,0,0,0,0,True,PLANNED,0,NONE,False,
tt10366460,tt10366460_CODA,tt10366460_CODA,tt10366460_CODA/健听女孩.官方中字.Coda.2021..mp4,健听女孩.官方中字.Coda.2021..mp4,tt10366460_CODA.mp4,high,1,0,False,0,0,0,False,0,0,0,0,True,PLANNED,0,NONE,False,
tt10514222,tt10514222_MaRaineysBlackBottom,tt10514222_MaRaineysBlackBottom,tt10514222_MaRaineysBlackBottom/Ma.Raineys.Black.Bottom.2020.1080p.mp4,Ma.Raineys.Black.Bottom.2020.1080p.mp4,tt10514222_MaRaineysBlackBottom.mp4,high,1,0,False,0,0,0,False,0,0,0,0,True,PLANNED,0,NONE,False,
tt10612922,tt10612922_OneNightinMiami,tt10612922_OneNightinMiami,tt10612922_OneNightinMiami/One.Night.in.Miami.2020.1080p.中英字幕.mp4,One.Night.in.Miami.2020.1080p.中英字幕.mp4,tt10612922_OneNightinMiami.mp4,high,1,0,False,0,0,0,False,0,0,0,0,True,PLANNED,0,NONE,False,
tt10618286,tt10618286_Mank,tt10618286_Mank,tt10618286_Mank/Mank.2020.2160p.Web.SDR.DDP5.1-老K.mkv,Mank.2020.2160p.Web.SDR.DDP5.1-老K.mkv,tt10618286_Mank.mkv,high,1,0,False,0,0,1,False,0,0,0,1,True,PLANNED,0,NONE,False,
tt10633456,tt10633456_Minari,tt10633456_Minari,,,,ambiguous,2,0,True,0,0,0,False,0,0,0,0,False,NOT_REQUIRED,0,NONE,True,MULTIPLE_FULL_MOVIE_CANDIDATES;MANUAL_REVIEW
tt1070874,tt1070874_TheTrialoftheChicago7,tt1070874_TheTrialoftheChicago7,tt1070874_TheTrialoftheChicago7/芝加哥.mp4,芝加哥.mp4,tt1070874_TheTrialoftheChicago7.mp4,high,1,0,False,0,0,0,False,0,0,0,0,True,PLANNED,0,NONE,False,
tt11563598,tt11563598_ACompleteUnkown,tt11563598_ACompleteUnkown,tt11563598_ACompleteUnkown/1080中英.mp4,1080中英.mp4,tt11563598_ACompleteUnkown.mp4,high,1,0,False,0,0,0,False,0,0,0,0,True,PLANNED,0,NONE,False,
tt1174732,tt1174732_AnEducation,tt1174732_AnEducation,,,,none,0,0,False,0,0,0,False,0,0,0,0,False,NOT_REQUIRED,0,NONE,True,NO_USABLE_PRIMARY_VIDEO;MANUAL_REVIEW
tt11813216,tt11813216_TheBansheesOfInisherin,tt11813216_TheBansheesOfInisherin,tt11813216_TheBansheesOfInisherin/The Banshees of Inisherin.2022.1080p.Blu-ray.DTS 5.1.H.265.mkv,The Banshees of Inisherin.2022.1080p.Blu-ray.DTS 5.1.H.265.mkv,tt11813216_TheBansheesOfInisherin.mkv,high,1,0,False,0,0,5,True,0,1,0,0,True,PLANNED,1,PLANNED,False,
tt1193138,tt1193138_UpintheAir,tt1193138_UpintheAir,,,,none,0,0,False,0,0,0,False,0,0,0,0,False,NOT_REQUIRED,0,NONE,True,NO_USABLE_PRIMARY_VIDEO;MANUAL_REVIEW
tt1210166,tt1210166_Moneyball,tt1210166_Moneyball,,,,none,0,0,False,0,0,0,False,0,0,0,0,False,NOT_REQUIRED,0,NONE,True,NO_USABLE_PRIMARY_VIDEO;MANUAL_REVIEW
tt12300742,tt12300742_Bugonia,tt12300742_Bugonia,tt12300742_Bugonia/【4KUHD】拯救地球.中英双字.Bugonia.2025.BluRay.2160p.TrueHD7.1.HDR.x265.10bit.mkv,【4KUHD】拯救地球.中英双字.Bugonia.2025.BluRay.2160p.TrueHD7.1.HDR.x265.10bit.mkv,tt12300742_Bugonia.mkv,high,1,0,False,1,1,0,True,0,0,0,0,True,PLANNED,0,NONE,False,
tt12536294,tt12536294_Spencer,tt12536294_Spencer,tt12536294_Spencer/Spencer.2021.BluRay.1080p.DTS-HD.MA.5.1.x265-OPT.mkv,Spencer.2021.BluRay.1080p.DTS-HD.MA.5.1.x265-OPT.mkv,tt12536294_Spencer.mkv,high,1,0,False,0,0,5,True,0,0,0,0,True,PLANNED,0,NONE,False,
tt12618926,tt12618926_Parallelmothers,tt12618926_Parallelmothers,tt12618926_Parallelmothers/Madres.paralelas.AKA.Parallel.Mothers.2021.1080p.BluRay.DD+5.1.x265.10bit-NewHD.mkv,Madres.paralelas.AKA.Parallel.Mothers.2021.1080p.BluRay.DD+5.1.x265.10bit-NewHD.mkv,tt12618926_Parallelmothers.mkv,high,1,0,False,0,0,11,True,0,0,0,0,True,PLANNED,0,NONE,False,
tt1262426,tt1262426_Wicked,tt1262426_Wicked,tt1262426_Wicked/魔法坏女巫.Wicked.2024.1080p.BluRay.CHS&ENG-HAN.CHAOSPACE.mp4,魔法坏女巫.Wicked.2024.1080p.BluRay.CHS&ENG-HAN.CHAOSPACE.mp4,tt1262426_Wicked.mp4,high,1,0,False,0,0,0,False,0,0,0,0,True,PLANNED,0,NONE,False,
tt1263670,tt1263670_CrazyHeart,tt1263670_CrazyHeart,,,,none,0,0,False,0,0,0,False,0,0,0,0,False,NOT_REQUIRED,0,NONE,True,NO_USABLE_PRIMARY_VIDEO;MANUAL_REVIEW
tt12789558,tt12789558_Belfast,tt12789558_Belfast,tt12789558_Belfast/Belfast.2021.2160p.WEB-DL.x265.10bit.SDR.DDP5.1.Atmos-NOGRP.mkv,Belfast.2021.2160p.WEB-DL.x265.10bit.SDR.DDP5.1.Atmos-NOGRP.mkv,tt12789558_Belfast.mkv,high,1,0,False,0,0,3,True,0,0,0,1,True,PLANNED,0,NONE,False,
tt1285016,tt1285016_TheSocialNetwork,tt1285016_TheSocialNetwork,,,,none,0,0,False,0,0,0,False,0,0,0,0,False,NOT_REQUIRED,0,NONE,True,NO_USABLE_PRIMARY_VIDEO;MANUAL_REVIEW
tt1291584,tt1291584_Warrior,tt1291584_Warrior,,,,none,0,0,False,0,0,0,False,0,0,0,0,False,NOT_REQUIRED,0,NONE,True,NO_USABLE_PRIMARY_VIDEO;MANUAL_REVIEW
tt1312221,tt1312221_Frankenstein,tt1312221_Frankenstein,tt1312221_Frankenstein/Frankenstein.2025.1080p.NF.WEB-DL.H.264.DDP5.1.Atmos.mkv,Frankenstein.2025.1080p.NF.WEB-DL.H.264.DDP5.1.Atmos.mkv,tt1312221_Frankenstein.mkv,high,1,0,False,1,1,38,True,0,0,0,0,True,PLANNED,0,NONE,False,
tt1313092,tt1313092_AnimalKingdom,tt1313092_AnimalKingdom,,,,none,0,0,False,0,0,0,False,0,0,0,0,False,NOT_REQUIRED,0,NONE,True,NO_USABLE_PRIMARY_VIDEO;MANUAL_REVIEW
tt13143964,tt13143964_BoratSubsequentMoviefilm,tt13143964_BoratSubsequentMoviefilm,tt13143964_BoratSubsequentMoviefilm/borat.subsequent.moviefilm.1080p.mp4,borat.subsequent.moviefilm.1080p.mp4,tt13143964_BoratSubsequentMoviefilm.mp4,high,1,0,False,0,0,0,False,0,0,0,0,True,PLANNED,0,NONE,False,
tt1315981,tt1315981_ASingleMan,tt1315981_ASingleMan,,,,none,0,0,False,0,0,0,False,0,0,0,0,False,NOT_REQUIRED,0,NONE,True,NO_USABLE_PRIMARY_VIDEO;MANUAL_REVIEW
tt1322269,tt1322269_AugustOsageCounty,tt1322269_AugustOsageCounty,,,,none,0,0,False,0,0,0,False,0,0,0,0,False,NOT_REQUIRED,0,NONE,True,NO_USABLE_PRIMARY_VIDEO;MANUAL_REVIEW
tt1340800,tt1340800_TinkerTailorSoldierSpy,tt1340800_TinkerTailorSoldierSpy,,,,none,0,0,False,0,0,0,False,0,0,0,0,False,NOT_REQUIRED,0,NONE,True,NO_USABLE_PRIMARY_VIDEO;MANUAL_REVIEW
tt13833688,tt13833688_TheWhale,tt13833688_TheWhale,tt13833688_TheWhale/The.Whale.2022.2160p.iT.WEB-DL.DDP5.1.Atmos.DV.HDR.H.265-FLUX.mkv,The.Whale.2022.2160p.iT.WEB-DL.DDP5.1.Atmos.DV.HDR.H.265-FLUX.mkv,tt13833688_TheWhale.mkv,high,1,0,False,1,0,2,True,0,0,0,0,True,PLANNED,0,NONE,False,
tt1399683,tt1399683_WintersBone,tt1399683_WintersBone,,,,none,0,0,False,0,0,0,False,0,0,0,0,False,NOT_REQUIRED,0,NONE,True,NO_USABLE_PRIMARY_VIDEO;MANUAL_REVIEW
tt1403865,tt1403865_TrueGrit,tt1403865_TrueGrit,,,,none,0,0,False,1,0,0,False,0,2,0,0,False,NOT_REQUIRED,2,PLANNED,True,NO_USABLE_PRIMARY_VIDEO;MANUAL_REVIEW
tt14230458,tt14230458_PoorThings,tt14230458_PoorThings,tt14230458_PoorThings/特效字幕Poor.Things.2023.BD1080P.X265.10Bit.AC3.DDP5.1.English.CHS-ENG.JKYY.mp4,特效字幕Poor.Things.2023.BD1080P.X265.10Bit.AC3.DDP5.1.English.CHS-ENG.JKYY.mp4,tt14230458_PoorThings.mp4,high,1,0,False,0,0,0,False,0,0,0,0,True,PLANNED,0,NONE,False,
tt1454029,tt1454029_TheHelp,tt1454029_TheHelp,,,,none,0,0,False,2,0,0,False,0,0,0,0,False,NOT_REQUIRED,0,NONE,True,NO_USABLE_PRIMARY_VIDEO;MANUAL_REVIEW
tt1454468,tt1454468_Gravity,tt1454468_Gravity,,,,none,0,0,False,2,0,0,False,0,2,0,0,False,NOT_REQUIRED,2,PLANNED,True,NO_USABLE_PRIMARY_VIDEO;MANUAL_REVIEW
tt1478338,tt1478338_Bridesmaids,tt1478338_Bridesmaids,,,,none,0,0,False,1,0,0,False,3,2,0,0,False,NOT_REQUIRED,5,PLANNED,True,NO_USABLE_PRIMARY_VIDEO;MANUAL_REVIEW
tt14849194,tt14849194_TheHoldovers,tt14849194_TheHoldovers,tt14849194_TheHoldovers/留校联盟.The.Holdovers.2023.HD1080P.霓虹狮子_.中英双字.霸王龙压制组T-Rex.mp4,留校联盟.The.Holdovers.2023.HD1080P.霓虹狮子_.中英双字.霸王龙压制组T-Rex.mp4,tt14849194_TheHoldovers.mp4,high,1,0,False,0,0,0,False,0,0,0,0,True,PLANNED,0,NONE,False,
tt14905854,tt14905854_Hamnet,tt14905854_Hamnet,tt14905854_Hamnet/Hamnet.哈姆奈特.2025.1080p.中英字幕.mp4.mp4,Hamnet.哈姆奈特.2025.1080p.中英字幕.mp4.mp4,tt14905854_Hamnet.mp4,high,1,0,False,1,1,0,True,0,0,0,0,True,PLANNED,0,NONE,False,
tt14961016,tt14961016_ImStillHere,tt14961016_ImStillHere,tt14961016_ImStillHere/中英双字.mp4,中英双字.mp4,tt14961016_ImStillHere.mp4,high,1,0,False,0,0,0,False,0,0,0,0,True,PLANNED,0,NONE,False,
tt1504320,tt1504320_TheKingsSpeech,tt1504320_TheKingsSpeech,,,,none,0,0,False,0,0,0,False,0,0,0,0,False,NOT_REQUIRED,0,NONE,True,NO_USABLE_PRIMARY_VIDEO;MANUAL_REVIEW
tt1517268,tt1517268_Barbie,tt1517268_Barbie,tt1517268_Barbie/Barbie.2023.1080p.MA.WEB-DL.DDP5.1.Atmos.H264-PandaQT.mkv,Barbie.2023.1080p.MA.WEB-DL.DDP5.1.Atmos.H264-PandaQT.mkv,tt1517268_Barbie.mkv,high,1,0,False,0,0,36,True,0,0,0,0,True,PLANNED,0,NONE,False,
tt1517451,tt1517451_AStarIsBorn,tt1517451_AStarIsBorn,tt1517451_AStarIsBorn/[一个明星的诞生].A.Star.Is.Born.2018.BluRay.1080p.x264.DTS-CMCT.mkv,[一个明星的诞生].A.Star.Is.Born.2018.BluRay.1080p.x264.DTS-CMCT.mkv,tt1517451_AStarIsBorn.mkv,high,1,0,False,0,0,5,True,2,1,0,0,True,PLANNED,3,PLANNED,False,
tt1535109,tt1535109_CaptainPhillips,tt1535109_CaptainPhillips,,,,none,0,0,False,0,0,0,False,0,0,0,0,False,NOT_REQUIRED,0,NONE,True,NO_USABLE_PRIMARY_VIDEO;MANUAL_REVIEW
tt15398776,tt15398776_Oppenheimer,tt15398776_Oppenheimer,tt15398776_Oppenheimer/奥本海默 .mp4,奥本海默 .mp4,tt15398776_Oppenheimer.mp4,high,1,0,False,0,0,0,False,0,0,0,0,True,PLANNED,0,NONE,False,
tt1542344,tt1542344_127Hours,tt1542344_127Hours,,,,none,0,0,False,0,0,0,False,0,0,0,0,False,NOT_REQUIRED,0,NONE,True,NO_USABLE_PRIMARY_VIDEO;MANUAL_REVIEW
tt1560747,tt1560747_TheMaster,tt1560747_TheMaster,,,,none,0,0,False,0,0,0,False,0,0,0,0,False,NOT_REQUIRED,0,NONE,True,NO_USABLE_PRIMARY_VIDEO;MANUAL_REVIEW
tt1568346,tt1568346_TheGirlwiththeDragonTattoo,tt1568346_TheGirlwiththeDragonTattoo,,,,none,0,0,False,0,0,0,False,0,0,0,0,False,NOT_REQUIRED,0,NONE,True,NO_USABLE_PRIMARY_VIDEO;MANUAL_REVIEW
tt1596363,tt1596363_TheBigShort,tt1596363_TheBigShort,,,,none,0,0,False,1,0,0,False,0,2,0,0,False,NOT_REQUIRED,2,PLANNED,True,NO_USABLE_PRIMARY_VIDEO;MANUAL_REVIEW
tt1602098,tt1602098_AlbertNobbs,tt1602098_AlbertNobbs,,,,none,0,0,False,0,0,0,False,0,0,0,0,False,NOT_REQUIRED,0,NONE,True,NO_USABLE_PRIMARY_VIDEO;MANUAL_REVIEW
tt1602620,tt1602620_Amour,tt1602620_Amour,,,,none,0,0,False,0,0,0,False,0,0,0,0,False,NOT_REQUIRED,0,NONE,True,NO_USABLE_PRIMARY_VIDEO;MANUAL_REVIEW
tt1619029,tt1619029_Jackie,tt1619029_Jackie,,,,none,0,0,False,1,0,0,False,0,2,0,0,False,NOT_REQUIRED,2,PLANNED,True,NO_USABLE_PRIMARY_VIDEO;MANUAL_REVIEW
tt1655389,tt1655389_Blonde,tt1655389_Blonde,tt1655389_Blonde/Blonde.2022.金发梦露.中英字幕.1080p.mp4,Blonde.2022.金发梦露.中英字幕.1080p.mp4,tt1655389_Blonde.mp4,high,1,0,False,0,0,0,False,0,0,0,0,True,PLANNED,0,NONE,False,
tt1655420,tt1655420_MyWeekwithMarilyn,tt1655420_MyWeekwithMarilyn,,,,none,0,0,False,2,0,0,False,3,2,0,0,False,NOT_REQUIRED,5,PLANNED,True,NO_USABLE_PRIMARY_VIDEO;MANUAL_REVIEW
tt1655442,tt1655442_TheArtist,tt1655442_TheArtist,,,,none,0,0,False,0,0,0,False,0,0,0,0,False,NOT_REQUIRED,0,NONE,True,NO_USABLE_PRIMARY_VIDEO;MANUAL_REVIEW
tt1663202,tt1663202_TheRevenant,tt1663202_TheRevenant,,,,none,0,0,False,0,0,0,False,8,1,0,0,False,NOT_REQUIRED,9,PLANNED,True,NO_USABLE_PRIMARY_VIDEO;MANUAL_REVIEW
tt17009710,tt17009710_AnatomyOfAFall,tt17009710_AnatomyOfAFall,tt17009710_AnatomyOfAFall/Anatomy.of.a.Fall.2023.1080p.BluRay.x264.DTS-SONYHD.mkv,Anatomy.of.a.Fall.2023.1080p.BluRay.x264.DTS-SONYHD.mkv,tt17009710_AnatomyOfAFall.mkv,high,1,0,False,1,0,2,False,0,0,0,0,True,PLANNED,0,NONE,False,
tt1707386,tt1707386_LesMiserables,tt1707386_LesMiserables,,,,none,0,0,False,2,0,0,False,0,0,0,0,False,NOT_REQUIRED,0,NONE,True,NO_USABLE_PRIMARY_VIDEO;MANUAL_REVIEW
tt1727824,tt1727824_BohemianRhapsody,tt1727824_BohemianRhapsody,tt1727824_BohemianRhapsody/Bohemian.Rhapsody.2018.BluRay.1080p.x265.10bit.MNHD-FRDS.mkv,Bohemian.Rhapsody.2018.BluRay.1080p.x265.10bit.MNHD-FRDS.mkv,tt1727824_BohemianRhapsody.mkv,high,1,0,False,0,0,5,True,0,1,0,0,True,PLANNED,1,PLANNED,False,
tt17526714,tt17526714_TheSubstance,tt17526714_TheSubstance,tt17526714_TheSubstance/The.Substance.2024.1080p.BluRay.x265.10bit.DTS.mkv,The.Substance.2024.1080p.BluRay.x265.10bit.DTS.mkv,tt17526714_TheSubstance.mkv,high,1,0,False,0,0,5,True,0,0,0,0,True,PLANNED,0,NONE,False,
tt1790885,tt1790885_ZeroDarkThirty,tt1790885_ZeroDarkThirty,,,,none,0,0,False,0,0,0,False,0,0,0,0,False,NOT_REQUIRED,0,NONE,True,NO_USABLE_PRIMARY_VIDEO;MANUAL_REVIEW
tt1800241,tt1800241_AmericanHustle,tt1800241_AmericanHustle,,,,none,0,0,False,1,0,0,False,0,0,0,0,False,NOT_REQUIRED,0,NONE,True,NO_USABLE_PRIMARY_VIDEO;MANUAL_REVIEW
tt1821549,tt1821549_Nebraska,tt1821549_Nebraska,,,,none,0,0,False,0,0,0,False,0,0,0,0,False,NOT_REQUIRED,0,NONE,True,NO_USABLE_PRIMARY_VIDEO;MANUAL_REVIEW
tt18382850,tt18382850_IfIHadLegsIdKickYou,tt18382850_IfIHadLegsIdKickYou,tt18382850_IfIHadLegsIdKickYou/如果有腿，我会踢你.2025.BD1080P.mp4,如果有腿，我会踢你.2025.BD1080P.mp4,tt18382850_IfIHadLegsIdKickYou.mp4,high,1,0,False,1,1,0,True,0,0,0,0,True,PLANNED,0,NONE,False,
tt1853728,tt1853728_DjangoUnchained,tt1853728_DjangoUnchained,,,,none,0,0,False,0,0,0,False,0,0,0,0,False,NOT_REQUIRED,0,NONE,True,NO_USABLE_PRIMARY_VIDEO;MANUAL_REVIEW
tt1895587,tt1895587_Spotlight,tt1895587_Spotlight,,,,none,0,0,False,0,0,0,False,6,1,0,0,False,NOT_REQUIRED,7,PLANNED,True,NO_USABLE_PRIMARY_VIDEO;MANUAL_REVIEW
tt1907668,tt1907668_Flight,tt1907668_Flight,,,,none,0,0,False,0,0,0,False,0,0,0,0,False,NOT_REQUIRED,0,NONE,True,NO_USABLE_PRIMARY_VIDEO;MANUAL_REVIEW
tt19770238,tt19770238_Aftersun,tt19770238_Aftersun,tt19770238_Aftersun/晒后假日 2022.mp4,晒后假日 2022.mp4,tt19770238_Aftersun.mp4,high,1,0,False,0,0,0,False,0,0,0,0,True,PLANNED,0,NONE,False,
tt20215234,tt20215234_Conclave,tt20215234_Conclave,tt20215234_Conclave/秘密会议.Conclave.2024.UHD.Bluray..2160p.REMUXHDR10.HEVC.Atmos.TrueHD.7.1-UBits.mkv,秘密会议.Conclave.2024.UHD.Bluray..2160p.REMUXHDR10.HEVC.Atmos.TrueHD.7.1-UBits.mkv,tt20215234_Conclave.mkv,high,1,0,False,0,0,4,False,0,0,0,0,True,PLANNED,0,NONE,False,
tt20221436,tt20221436_EmiliaPerez,tt20221436_EmiliaPerez,tt20221436_EmiliaPerez/艾米莉亚·佩雷斯.Emilia Pérez.2024.1080p中英字幕.mp4,艾米莉亚·佩雷斯.Emilia Pérez.2024.1080p中英字幕.mp4,tt20221436_EmiliaPerez.mp4,high,1,0,False,0,0,0,False,0,0,0,0,True,PLANNED,0,NONE,False,
tt2024544,tt2024544_12YearsaSlave,tt2024544_12YearsaSlave,,,,none,0,0,False,0,0,0,False,0,0,0,0,False,NOT_REQUIRED,0,NONE,True,NO_USABLE_PRIMARY_VIDEO;MANUAL_REVIEW
tt2084970,tt2084970_TheImitationGame,tt2084970_TheImitationGame,,,,none,0,0,False,0,0,0,False,0,0,0,0,False,NOT_REQUIRED,0,NONE,True,NO_USABLE_PRIMARY_VIDEO;MANUAL_REVIEW
tt2119532,tt2119532_HacksawRidge,tt2119532_HacksawRidge,,,,none,0,0,False,0,0,0,False,7,0,0,0,False,NOT_REQUIRED,7,PLANNED,True,NO_USABLE_PRIMARY_VIDEO;MANUAL_REVIEW
tt2125435,tt2125435_BeastsoftheSouthernWild,tt2125435_BeastsoftheSouthernWild,,,,none,0,0,False,0,0,0,False,0,0,0,0,False,NOT_REQUIRED,0,NONE,True,NO_USABLE_PRIMARY_VIDEO;MANUAL_REVIEW
tt2179136,tt2179136_AmericanSniper,tt2179136_AmericanSniper,,,,none,0,0,False,1,0,0,False,1,2,0,1,False,NOT_REQUIRED,3,PLANNED,True,NO_USABLE_PRIMARY_VIDEO;MANUAL_REVIEW
tt2180411,tt2180411_IntotheWoods,tt2180411_IntotheWoods,,,,none,0,0,False,0,0,0,False,0,1,0,0,False,NOT_REQUIRED,1,PLANNED,True,NO_USABLE_PRIMARY_VIDEO;MANUAL_REVIEW
tt21823606,tt21823606_ARealPain,tt21823606_ARealPain,tt21823606_ARealPain/真正的痛苦.中英双字.2024.1080P.mkv,真正的痛苦.中英双字.2024.1080P.mkv,tt21823606_ARealPain.mkv,high,1,0,False,0,0,0,False,0,0,0,0,True,PLANNED,0,NONE,False,
tt2267998,tt2267998_GoneGirl,tt2267998_GoneGirl,,,,none,0,0,False,0,0,0,False,0,0,0,0,False,NOT_REQUIRED,0,NONE,True,NO_USABLE_PRIMARY_VIDEO;MANUAL_REVIEW
tt2305051,tt2305051_Wild,tt2305051_Wild,,,,none,0,0,False,1,0,0,False,0,2,0,0,False,NOT_REQUIRED,2,PLANNED,True,NO_USABLE_PRIMARY_VIDEO;MANUAL_REVIEW
tt2334873,tt2334873_BlueJasmine,tt2334873_BlueJasmine,,,,none,0,0,False,0,0,0,False,0,0,0,0,False,NOT_REQUIRED,0,NONE,True,NO_USABLE_PRIMARY_VIDEO;MANUAL_REVIEW
tt23561236,tt23561236_AmericanFiction,tt23561236_AmericanFiction,tt23561236_AmericanFiction/【电影】美国小说.中英双字.1080P.mp4,【电影】美国小说.中英双字.1080P.mp4,tt23561236_AmericanFiction.mp4,high,1,0,False,0,0,0,False,0,0,0,0,True,PLANNED,0,NONE,False,
tt2381111,tt2381111_Brooklyn,tt2381111_Brooklyn,,,,none,0,0,False,8,0,0,False,3,2,0,0,False,NOT_REQUIRED,5,PLANNED,True,NO_USABLE_PRIMARY_VIDEO;MANUAL_REVIEW
tt2396589,tt2396589_Mudbound,tt2396589_Mudbound,,,,none,0,0,False,0,0,0,False,0,0,0,0,False,NOT_REQUIRED,0,NONE,True,NO_USABLE_PRIMARY_VIDEO;MANUAL_REVIEW
tt2402927,tt2402927_Carol,tt2402927_Carol,,,,none,0,0,False,0,0,0,False,0,0,0,0,False,NOT_REQUIRED,0,NONE,True,NO_USABLE_PRIMARY_VIDEO;MANUAL_REVIEW
tt2431286,tt2431286_Philomena,tt2431286_Philomena,,,,none,0,0,False,0,0,0,False,0,0,0,0,False,NOT_REQUIRED,0,NONE,True,NO_USABLE_PRIMARY_VIDEO;MANUAL_REVIEW
tt2446980,tt2446980_Joy,tt2446980_Joy,,,,none,0,0,False,0,0,0,False,0,0,0,0,False,NOT_REQUIRED,0,NONE,True,NO_USABLE_PRIMARY_VIDEO;MANUAL_REVIEW
tt2562232,tt2562232_BirdmanorTheUnexpectedVirtueofIgnorance,tt2562232_BirdmanorTheUnexpectedVirtueofIgnorance,,,,none,0,0,False,5,0,0,False,0,2,0,0,False,NOT_REQUIRED,2,PLANNED,True,NO_USABLE_PRIMARY_VIDEO;MANUAL_REVIEW
tt2582782,tt2582782_HellorHighWater,tt2582782_HellorHighWater,,,,none,0,0,False,0,0,0,False,1,0,0,0,False,NOT_REQUIRED,1,PLANNED,True,NO_USABLE_PRIMARY_VIDEO;MANUAL_REVIEW
tt2582802,tt2582802_Whiplash,tt2582802_Whiplash,,,,none,0,0,False,0,0,0,False,6,1,0,0,False,NOT_REQUIRED,7,PLANNED,True,NO_USABLE_PRIMARY_VIDEO;MANUAL_REVIEW
tt2584384,tt2584384_JojoRabbit,tt2584384_JojoRabbit,tt2584384_JojoRabbit/2019.1080p.BluRay.x264-中英双字.mp4,2019.1080p.BluRay.x264-中英双字.mp4,tt2584384_JojoRabbit.mp4,high,1,0,False,0,0,0,False,0,0,0,0,True,PLANNED,0,NONE,False,
tt26581740,tt26581740_Weapons,tt26581740_Weapons,tt26581740_Weapons/150538_凶器 Weapons.2025.1080p.官方中英字幕.404.mp4,150538_凶器 Weapons.2025.1080p.官方中英字幕.404.mp4,tt26581740_Weapons.mp4,high,1,0,False,0,0,0,False,0,0,0,0,True,PLANNED,0,NONE,False,
tt2671706,tt2671706_Fences,tt2671706_Fences,,,,none,0,0,False,1,0,0,False,0,2,0,0,False,NOT_REQUIRED,2,PLANNED,True,NO_USABLE_PRIMARY_VIDEO;MANUAL_REVIEW
tt27714581,tt27714581_SentimentalValue,tt27714581_SentimentalValue,tt27714581_SentimentalValue/Sentimental.Value.2025.MULTi.1080p.WEB-DL.H264.DDP5.1.Atmos-HamiltonShare.mkv,Sentimental.Value.2025.MULTi.1080p.WEB-DL.H264.DDP5.1.Atmos-HamiltonShare.mkv,tt27714581_SentimentalValue.mkv,high,1,0,False,1,0,2,False,0,0,0,0,True,PLANNED,0,NONE,False,
tt27847051,tt27847051_TheSecretAgent,tt27847051_TheSecretAgent,tt27847051_TheSecretAgent/The.Secret.Agent.2025.2160p.AMZN.WEB-DL.DDP5.1.H.265.mkv,The.Secret.Agent.2025.2160p.AMZN.WEB-DL.DDP5.1.H.265.mkv,tt27847051_TheSecretAgent.mkv,high,1,0,False,2,1,2,True,0,0,0,0,True,PLANNED,0,NONE,False,
tt28479262,tt28479262_SingSing,tt28479262_SingSing,tt28479262_SingSing/监狱剧院.Sing.Sing.人工中英字幕2023.1080p.MS.WEBDL.mp4,监狱剧院.Sing.Sing.人工中英字幕2023.1080p.MS.WEBDL.mp4,tt28479262_SingSing.mp4,high,1,0,False,0,0,0,False,0,0,0,0,True,PLANNED,0,NONE,False,
tt28607951,tt28607951_Anora,tt28607951_Anora,tt28607951_Anora/2024.2160p.AMZN.WEB-DL.H265.HDR10+.DDP5.1.mkv,2024.2160p.AMZN.WEB-DL.H265.HDR10+.DDP5.1.mkv,tt28607951_Anora.mkv,high,1,0,False,1,0,3,True,0,0,0,0,True,PLANNED,0,NONE,False,
tt28607951,tt28607951_TheApprentice,tt28607951_TheApprentice,tt28607951_TheApprentice/2026.2160p.WEB-DL.H.265.HDR.60fps.DDP2.0.mp4,2026.2160p.WEB-DL.H.265.HDR.60fps.DDP2.0.mp4,tt28607951_TheApprentice.mp4,high,1,0,False,0,0,0,False,0,0,0,0,True,PLANNED,0,NONE,False,
tt2980516,tt2980516_TheTheoryofEverything,tt2980516_TheTheoryofEverything,,,,none,0,0,False,0,0,0,False,0,0,0,0,False,NOT_REQUIRED,0,NONE,True,NO_USABLE_PRIMARY_VIDEO;MANUAL_REVIEW
tt30343021,tt30343021_SongSungBlue,tt30343021_SongSungBlue,tt30343021_SongSungBlue/Song.Sung.Blue.2025.HDR.2160p.WEB-DL.H.265.Atmos-HamiltonShare.mkv,Song.Sung.Blue.2025.HDR.2160p.WEB-DL.H.265.Atmos-HamiltonShare.mkv,tt30343021_SongSungBlue.mkv,high,1,0,False,1,0,3,True,0,0,0,0,True,PLANNED,0,NONE,False,
tt3076658,tt3076658_Creed,tt3076658_Creed,,,,none,0,0,False,1,0,0,False,0,2,0,1,False,NOT_REQUIRED,2,PLANNED,True,NO_USABLE_PRIMARY_VIDEO;MANUAL_REVIEW
tt31193180,tt31193180_Sinners,tt31193180_Sinners,tt31193180_Sinners/Sinners (2025) 4K HDR10+流媒体版 杜比全景声DDP5.1 简英特效字幕 .mkv,Sinners (2025) 4K HDR10+流媒体版 杜比全景声DDP5.1 简英特效字幕 .mkv,tt31193180_Sinners.mkv,high,1,0,False,1,1,32,True,0,0,0,0,True,PLANNED,0,NONE,False,
tt3224458,tt3224458_ABeautifulDayInTheNeighborhood,tt3224458_ABeautifulDayInTheNeighborhood,tt3224458_ABeautifulDayInTheNeighborhood/邻里一MH的一天.mp4,邻里一MH的一天.mp4,tt3224458_ABeautifulDayInTheNeighborhood.mp4,high,1,0,False,0,0,0,False,0,0,0,0,True,PLANNED,0,NONE,False,
tt32536315,tt32536315_BlueMoon,tt32536315_BlueMoon,tt32536315_BlueMoon/Blue.Moon.2025.2160p.WEB-DL.SDR.H.265..DDP5.1.Atmos-HamiltonShare.mkv,Blue.Moon.2025.2160p.WEB-DL.SDR.H.265..DDP5.1.Atmos-HamiltonShare.mkv,tt32536315_BlueMoon.mkv,high,1,0,False,1,0,2,True,0,0,0,0,True,PLANNED,0,NONE,False,
tt3281548,tt3281548_LittleWomen,tt3281548_LittleWomen,tt3281548_LittleWomen/小妇人 (2019) - 1080p 中英字幕.mkv,小妇人 (2019) - 1080p 中英字幕.mkv,tt3281548_LittleWomen.mkv,high,1,0,False,0,0,0,False,0,0,0,0,True,PLANNED,0,NONE,False,
tt32916440,tt32916440_MartySupreme,tt32916440_MartySupreme,tt32916440_MartySupreme/Marty Supreme 2025 USA A24 BluRay 1080p TrueHD7.1 x265 10bit-CHD (1).mp4,Marty Supreme 2025 USA A24 BluRay 1080p TrueHD7.1 x265 10bit-CHD (1).mp4,tt32916440_MartySupreme.mp4,high,1,0,False,0,0,0,False,0,0,0,0,True,PLANNED,0,NONE,False,
tt3553976,tt3553976_CaptainFantastic,tt3553976_CaptainFantastic,tt3553976_CaptainFantastic/Captain Fantastic (2016) (1080p BluRay x265 afm72).mkv,Captain Fantastic (2016) (1080p BluRay x265 afm72).mkv,tt3553976_CaptainFantastic.mkv,high,1,0,False,0,0,1,True,0,0,0,0,True,PLANNED,0,NONE,False,
tt3581652,tt3581652_WestSideStory,tt3581652_WestSideStory,tt3581652_WestSideStory/West.Side.Story.2021.2160p.WEB-DL.x265.8bit.SDR.DTS-HD.MA.7.1-NOGRP.mkv,West.Side.Story.2021.2160p.WEB-DL.x265.8bit.SDR.DTS-HD.MA.7.1-NOGRP.mkv,tt3581652_WestSideStory.mkv,high,1,0,False,1,0,26,True,0,0,0,0,True,PLANNED,0,NONE,False,
tt3659388,tt3659388_TheMartian,tt3659388_TheMartian,tt3659388_TheMartian/236.火星救援.mp4,236.火星救援.mp4,tt3659388_TheMartian.mp4,high,1,0,False,0,0,0,False,0,0,0,0,True,PLANNED,0,NONE,False,
tt3682448,tt3682448_BridgeofSpies,tt3682448_BridgeofSpies,,,,none,0,0,False,0,0,0,False,0,0,0,1,False,NOT_REQUIRED,0,NONE,True,NO_USABLE_PRIMARY_VIDEO;MANUAL_REVIEW
tt3704428,tt3704428_Elvis,tt3704428_Elvis,tt3704428_Elvis/Elvis.2022.2160p.WEB-DL.DDP5.1.Atmos.HDR.HEVC-BBQDDQ.mkv,Elvis.2022.2160p.WEB-DL.DDP5.1.Atmos.HDR.HEVC-BBQDDQ.mkv,tt3704428_Elvis.mkv,high,1,0,False,0,0,32,True,0,0,0,0,True,PLANNED,0,NONE,False,
tt3716530,tt3716530_Elle,tt3716530_Elle,tt3716530_Elle/她 Elle 1080p remux (2016).mkv,她 Elle 1080p remux (2016).mkv,tt3716530_Elle.mkv,high,1,0,False,3,0,24,True,7,2,0,0,True,PLANNED,9,PLANNED,False,
tt3741834,tt3741834_Lion,tt3741834_Lion,tt3741834_Lion/雄狮 1080p remux (2016).mkv,雄狮 1080p remux (2016).mkv,tt3741834_Lion.mkv,high,1,0,False,1,0,6,True,0,2,0,0,True,PLANNED,2,PLANNED,False,
tt3783958,tt3783958_LaLaLand,tt3783958_LaLaLand,tt3783958_LaLaLand/爱乐之城.La.La.Land.2016.2160p.10bit.HDR.2Audio.mUHD-FRDS.mkv,爱乐之城.La.La.Land.2016.2160p.10bit.HDR.2Audio.mUHD-FRDS.mkv,tt3783958_LaLaLand.mkv,high,1,0,False,0,0,7,True,0,1,0,1,True,PLANNED,1,PLANNED,False,
tt4034228,tt4034228_ManchesterbytheSea,tt4034228_ManchesterbytheSea,tt4034228_ManchesterbytheSea/Manchester by the Sea.2016.BluRay.1080p.x265.10bit.MNHD-FRDS.mkv,Manchester by the Sea.2016.BluRay.1080p.x265.10bit.MNHD-FRDS.mkv,tt4034228_ManchesterbytheSea.mkv,high,1,0,False,0,0,5,True,1,0,0,0,True,PLANNED,1,PLANNED,False,
tt4550098,tt4550098_NocturnalAnimals,tt4550098_NocturnalAnimals,tt4550098_NocturnalAnimals/夜行动物 (2016) - 1080p.mkv,夜行动物 (2016) - 1080p.mkv,tt4550098_NocturnalAnimals.mkv,high,1,0,False,0,0,3,True,6,1,0,0,True,PLANNED,7,PLANNED,False,
tt4555426,tt4555426_DarkestHour,tt4555426_DarkestHour,tt4555426_DarkestHour/至暗时刻.Darkest.Hour.2017.2160p.WEB-DL.H.265.AAC2.0-CSWEB.mkv,至暗时刻.Darkest.Hour.2017.2160p.WEB-DL.H.265.AAC2.0-CSWEB.mkv,tt4555426_DarkestHour.mkv,high,1,0,False,0,0,0,False,0,0,0,0,True,PLANNED,0,NONE,False,
tt4595882,tt4595882_CanYouEverForgiveMe,tt4595882_CanYouEverForgiveMe,tt4595882_CanYouEverForgiveMe/n能y谅w吗？.2018.BD1080p.中英双字.mp4,n能y谅w吗？.2018.BD1080p.中英双字.mp4,tt4595882_CanYouEverForgiveMe.mp4,high,1,0,False,0,0,0,False,0,0,0,0,True,PLANNED,0,NONE,False,
tt4648786,tt4648786_Harriet,tt4648786_Harriet,tt4648786_Harriet/Harriet.2019.2160p.UHD.BluRay.REMUX.HEVC.HDR.TrueHD7.1-DreamHD.mkv,Harriet.2019.2160p.UHD.BluRay.REMUX.HEVC.HDR.TrueHD7.1-DreamHD.mkv,tt4648786_Harriet.mkv,high,1,0,False,0,0,5,True,0,0,0,0,True,PLANNED,0,NONE,False,
tt4846340,tt4846340_HiddenFigures,tt4846340_HiddenFigures,tt4846340_HiddenFigures/隐藏人物.mp4,隐藏人物.mp4,tt4846340_HiddenFigures.mp4,high,1,0,False,0,0,0,False,0,0,0,0,True,PLANNED,0,NONE,False,
tt4925292,tt4925292_LadyBird,tt4925292_LadyBird,tt4925292_LadyBird/伯d小j.2017.BD1080p.中英双字.mp4,伯d小j.2017.BD1080p.中英双字.mp4,tt4925292_LadyBird.mp4,high,1,0,False,0,0,0,False,0,0,0,0,True,PLANNED,0,NONE,False,
tt4975722,tt4975722_Moonlight,tt4975722_Moonlight,,,,none,0,0,False,0,0,0,False,0,0,0,1,False,NOT_REQUIRED,0,NONE,True,NO_USABLE_PRIMARY_VIDEO;MANUAL_REVIEW
tt4995540,tt4995540_BeingTheRicardos,tt4995540_BeingTheRicardos,tt4995540_BeingTheRicardos/Being.the.Ricardos.2021.1080p v2.mp4,Being.the.Ricardos.2021.1080p v2.mp4,tt4995540_BeingTheRicardos.mp4,high,1,0,False,0,0,0,False,0,0,0,0,True,PLANNED,0,NONE,False,
tt5027774,tt5027774_ThreeBillboardsoutsideEbbingMissouri,tt5027774_ThreeBillboardsoutsideEbbingMissouri,tt5027774_ThreeBillboardsoutsideEbbingMissouri/Three.Billboards.Outside.Ebbing.Missouri.2017.BluRay.1080p.x265.10bit.MNHD-FRDS.mkv,Three.Billboards.Outside.Ebbing.Missouri.2017.BluRay.1080p.x265.10bit.MNHD-FRDS.mkv,tt5027774_ThreeBillboardsoutsideEbbingMissouri.mkv,high,1,0,False,0,0,3,False,1,0,0,0,True,PLANNED,1,PLANNED,False,
tt5052448,tt5052448_GetOut,tt5052448_GetOut,tt5052448_GetOut/No.18｜逃出绝命镇.2017.中字.1080p.FS24P.mkv,No.18｜逃出绝命镇.2017.中字.1080p.FS24P.mkv,tt5052448_GetOut.mkv,high,1,0,False,0,0,11,True,0,0,0,0,True,PLANNED,0,NONE,False,
tt5083738,tt5083738_TheFavourite,tt5083738_TheFavourite,tt5083738_TheFavourite/宠儿.TheFavourite.BDrip1080P.中英双语.mp4,宠儿.TheFavourite.BDrip1080P.中英双语.mp4,tt5083738_TheFavourite.mp4,high,1,0,False,0,0,0,False,0,0,0,1,True,PLANNED,0,NONE,False,
tt5294550,tt5294550_AlltheMoneyintheWorld,tt5294550_AlltheMoneyintheWorld,tt5294550_AlltheMoneyintheWorld/金钱世界 (2017) - 1080p.mkv,金钱世界 (2017) - 1080p.mkv,tt5294550_AlltheMoneyintheWorld.mkv,high,1,0,False,0,0,3,True,1,1,0,0,True,PLANNED,2,PLANNED,False,
tt5302918,tt5302918_Nyad,tt5302918_Nyad,tt5302918_Nyad/奈德.Nyad.2023.BD1080P.英语中字.mp4,奈德.Nyad.2023.BD1080P.英语中字.mp4,tt5302918_Nyad.mp4,high,1,0,False,0,0,0,False,0,0,0,0,True,PLANNED,0,NONE,False,
tt5363618,tt5363618_SoundofMetal,tt5363618_SoundofMetal,tt5363618_SoundofMetal/[金属之声].Sound.of.Metal.2019.TW.BluRay.1080p.x264.DTS-CMCT.mkv,[金属之声].Sound.of.Metal.2019.TW.BluRay.1080p.x264.DTS-CMCT.mkv,tt5363618_SoundofMetal.mkv,high,1,0,False,0,0,5,True,0,0,0,0,True,PLANNED,0,NONE,False,
tt5537002,tt5537002_KillersOfTheFlowerMoon,tt5537002_KillersOfTheFlowerMoon,tt5537002_KillersOfTheFlowerMoon/KiIIers.of.the.FIower.Moon.2023.2160p.UHD.BluRay.REMUX.DV.HDR.HEVC.DTS-HD.MA.5.1.mkv,KiIIers.of.the.FIower.Moon.2023.2160p.UHD.BluRay.REMUX.DV.HDR.HEVC.DTS-HD.MA.5.1.mkv,tt5537002_KillersOfTheFlowerMoon.mkv,high,1,0,False,0,0,1,False,0,0,0,0,True,PLANNED,0,NONE,False,
tt5580036,tt5580036_ITonya,tt5580036_ITonya,,,,none,1,1,False,0,0,0,False,0,0,0,0,False,NOT_REQUIRED,1,PLANNED,True,NO_USABLE_PRIMARY_VIDEO;MANUAL_REVIEW
tt5580390,tt5580390_TheShapeofWater,tt5580390_TheShapeofWater,tt5580390_TheShapeofWater/[水形物语].The.Shape.of.Water.2017.BluRay.1080p.x264.DTS.2Audios-CMCT.mkv,[水形物语].The.Shape.of.Water.2017.BluRay.1080p.x264.DTS.2Audios-CMCT.mkv,tt5580390_TheShapeofWater.mkv,high,1,0,False,0,0,4,True,0,0,0,0,True,PLANNED,0,NONE,False,
tt5726616,tt5726616_CallMebyYourName,tt5726616_CallMebyYourName,tt5726616_CallMebyYourName/103.请以你的名字呼唤我.mp4,103.请以你的名字呼唤我.mp4,tt5726616_CallMebyYourName.mp4,high,1,0,False,0,0,0,False,0,0,0,0,True,PLANNED,0,NONE,False,
tt5776858,tt5776858_PhantomThread,tt5776858_PhantomThread,tt5776858_PhantomThread/魅影缝匠 (2017) 1080p AAC.mp4,魅影缝匠 (2017) 1080p AAC.mp4,tt5776858_PhantomThread.mp4,high,1,0,False,0,0,0,False,0,0,0,0,True,PLANNED,0,NONE,False,
tt6155172,tt6155172_Roma,tt6155172_Roma,tt6155172_Roma/罗马.内嵌中字.2018.1080P.mp4,罗马.内嵌中字.2018.1080P.mp4,tt6155172_Roma.mp4,high,1,0,False,0,0,0,False,0,0,0,0,True,PLANNED,0,NONE,False,
tt6266538,tt6266538_Vice,tt6266538_Vice,tt6266538_Vice/副总统.Vice.2018.HD1080P.X264.AAC.English.CHS-ENG.Mp4Ba.mp4,副总统.Vice.2018.HD1080P.X264.AAC.English.CHS-ENG.Mp4Ba.mp4,tt6266538_Vice.mp4,high,1,0,False,0,0,0,False,0,0,0,0,True,PLANNED,0,NONE,False,
tt6294822,tt6294822_ThePost,tt6294822_ThePost,tt6294822_ThePost/华盛顿邮报 2160p remux (2017).mkv,华盛顿邮报 2160p remux (2017).mkv,tt6294822_ThePost.mkv,high,1,0,False,1,0,4,True,0,2,0,0,True,PLANNED,2,PLANNED,False,
tt6710474,tt6710474_EverythingEverywhereAllAtOnce,tt6710474_EverythingEverywhereAllAtOnce,tt6710474_EverythingEverywhereAllAtOnce/S-瞬X全宇宙-远鉴字幕.mp4,S-瞬X全宇宙-远鉴字幕.mp4,tt6710474_EverythingEverywhereAllAtOnce.mp4,high,1,0,False,0,0,0,False,0,0,0,0,True,PLANNED,0,NONE,False,
tt6966692,tt6966692_GreenBook,tt6966692_GreenBook,tt6966692_GreenBook/[绿皮书].Green.Book.2018.2160p.WEB-DL.60Fps.HQ.H265.10bit.DTS5.1.2Audios-UBWEB.mkv,[绿皮书].Green.Book.2018.2160p.WEB-DL.60Fps.HQ.H265.10bit.DTS5.1.2Audios-UBWEB.mkv,tt6966692_GreenBook.mkv,high,1,0,False,0,0,0,False,0,0,0,0,True,PLANNED,0,NONE,False,
tt7125860,tt7125860_IfBealeStreetCouldTalk,tt7125860_IfBealeStreetCouldTalk,tt7125860_IfBealeStreetCouldTalk/If.Beale.Street.Could.Talk.2018.假如比尔街可以作证.中英字幕.mp4,If.Beale.Street.Could.Talk.2018.假如比尔街可以作证.中英字幕.mp4,tt7125860_IfBealeStreetCouldTalk.mp4,high,1,0,False,0,0,0,False,0,0,0,1,True,PLANNED,0,NONE,False,
tt7286456,tt7286456_Joker,tt7286456_Joker,tt7286456_Joker/Joker (2019) - 2160p BluRay REMUX DoVi HDR10 H265 TrueHD 7.1 Atmos.mkv,Joker (2019) - 2160p BluRay REMUX DoVi HDR10 H265 TrueHD 7.1 Atmos.mkv,tt7286456_Joker.mkv,high,1,0,False,0,0,5,False,9,1,0,0,True,PLANNED,10,PLANNED,False,
tt7349662,tt7349662_BlacKkKlansman,tt7349662_BlacKkKlansman,tt7349662_BlacKkKlansman/黑色党徒.BlacKkKlansman.2018.HD720P.中英双字.mp4,黑色党徒.BlacKkKlansman.2018.HD720P.中英双字.mp4,tt7349662_BlacKkKlansman.mp4,high,1,0,False,0,0,0,False,0,0,0,0,True,PLANNED,0,NONE,False,
tt7653254,tt7653254_MarriageStory,tt7653254_MarriageStory,tt7653254_MarriageStory/婚姻故事 Marriage Story 1080p remux (2019).mkv,婚姻故事 Marriage Story 1080p remux (2019).mkv,tt7653254_MarriageStory.mkv,high,1,0,False,1,0,3,False,3,2,0,0,True,PLANNED,5,PLANNED,False,
tt8291806,tt8291806_PainandGlory,tt8291806_PainandGlory,tt8291806_PainandGlory/痛苦Y荣耀.2019   720P.西班牙语中字.mp4,痛苦Y荣耀.2019   720P.西班牙语中字.mp4,tt8291806_PainandGlory.mp4,high,1,0,False,0,0,0,False,0,0,0,0,True,PLANNED,0,NONE,False,
tt8721424,tt8721424_TickTickBoom,tt8721424_TickTickBoom,"tt8721424_TickTickBoom/tick, tick...BOOM!.mp4","tick, tick...BOOM!.mp4",tt8721424_TickTickBoom.mp4,high,1,0,False,0,0,0,False,0,0,0,0,True,PLANNED,0,NONE,False,
tt8999762,tt8999762_TheBrutalist,tt8999762_TheBrutalist,tt8999762_TheBrutalist/The.Brutalist.2024.1080p.WEBRip.x264.AAC5.1.mp4,The.Brutalist.2024.1080p.WEBRip.x264.AAC5.1.mp4,tt8999762_TheBrutalist.mp4,high,1,0,False,0,0,0,False,0,0,0,0,True,PLANNED,0,NONE,False,
tt9051908,tt9051908_Living,tt9051908_Living,tt9051908_Living/生之欲 Living 1080p remux (2022).mkv,生之欲 Living 1080p remux (2022).mkv,tt9051908_Living.mkv,high,1,0,False,5,0,4,True,3,2,0,0,True,PLANNED,5,PLANNED,False,
tt9100054,tt9100054_TheLostDaughter,tt9100054_TheLostDaughter,,,,none,0,0,False,0,0,0,False,1,0,0,1,False,NOT_REQUIRED,1,PLANNED,True,NO_USABLE_PRIMARY_VIDEO;MANUAL_REVIEW
tt9114286,tt9114286_BlackPantherWakandaForever,tt9114286_BlackPantherWakandaForever,tt9114286_BlackPantherWakandaForever/Black.Panther.Wakanda.Forever.2022.BluRay.2160p.TrueHD7.1.2Audio.H.265.10bit.HDR-DreamHD.mkv,Black.Panther.Wakanda.Forever.2022.BluRay.2160p.TrueHD7.1.2Audio.H.265.10bit.HDR-DreamHD.mkv,tt9114286_BlackPantherWakandaForever.mkv,high,1,0,False,0,0,7,True,0,0,0,0,True,PLANNED,0,NONE,False,
tt9620292,tt9620292_PromisingYoungWoman,tt9620292_PromisingYoungWoman,tt9620292_PromisingYoungWoman/前程似锦的女孩 1080p remux (2020).mkv,前程似锦的女孩 1080p remux (2020).mkv,tt9620292_PromisingYoungWoman.mkv,high,1,0,False,1,0,7,True,0,2,0,0,True,PLANNED,2,PLANNED,False,
tt9770150,tt9770150_Nomadland,tt9770150_Nomadland,tt9770150_Nomadland/Nomadland.2020.2160p.WEB-DL.x265.8bit.SDR.DTS-HD.MA.5.1-SWTYBLZ.mkv,Nomadland.2020.2160p.WEB-DL.x265.8bit.SDR.DTS-HD.MA.5.1-SWTYBLZ.mkv,tt9770150_Nomadland.mkv,high,1,0,False,1,0,1,True,0,0,0,0,True,PLANNED,0,NONE,False,
tt9784798,tt9784798_JudasAndTheBlackMessiah,tt9784798_JudasAndTheBlackMessiah,tt9784798_JudasAndTheBlackMessiah/犹大与黑弥赛亚.2021.1080P.中英双字.mkv,犹大与黑弥赛亚.2021.1080P.中英双字.mkv,tt9784798_JudasAndTheBlackMessiah.mkv,high,1,0,False,0,0,0,False,1,0,0,0,True,PLANNED,1,PLANNED,False,
